"","Dia","Mes","Anio","pred"
"1","02","1","12",283.776104355359
"2","03","1","12",710.648803652998
"3","04","1","12",911.729064589134
"4","05","1","12",952.469158281757
"5","06","1","12",1029.2611382946
"6","07","1","12",146.803222786751
"7","10","1","12",915.543784266877
"8","11","1","12",1017.12429869677
"9","12","1","12",1042.87354279495
"10","13","1","12",1105.79116817481
"11","14","1","12",201.857877280856
"12","16","1","12",638.729897181064
"13","17","1","12",851.793268244995
"14","18","1","12",979.358296511721
"15","19","1","12",1035.04807755812
"16","20","1","12",1072.93690930611
"17","21","1","12",166.947629502705
"18","23","1","12",707.014618059077
"19","24","1","12",836.303619982338
"20","25","1","12",1051.57528156137
"21","26","1","12",1101.57363389127
"22","27","1","12",1243.35723778525
"23","28","1","12",423.156072161467
"24","30","1","12",1184.14989766533
"25","31","1","12",1108.71360310328
"26","01","2","12",912.158809173088
"27","02","2","12",947.520173596693
"28","03","2","12",1067.32251017941
"29","04","2","12",217.2251972523
"30","06","2","12",754.896636680495
"31","07","2","12",977.290960056132
"32","08","2","12",1141.84979086159
"33","09","2","12",1163.59804571727
"34","10","2","12",1272.10845083197
"35","11","2","12",328.302990186655
"36","13","2","12",831.496084853271
"37","14","2","12",1032.30993806158
"38","15","2","12",1147.06162528794
"39","16","2","12",1158.62864264886
"40","17","2","12",1208.34706542518
"41","18","2","12",290.535931242001
"42","20","2","12",798.641911370211
"43","21","2","12",997.39970212265
"44","22","2","12",1141.15354425985
"45","23","2","12",1226.91336283092
"46","24","2","12",1192.85741653437
"47","25","2","12",362.752916176398
"48","27","2","12",969.06223985363
"49","28","2","12",1253.60814478244
"50","29","2","12",1519.69050962775
"51","01","3","12",989.688932392117
"52","02","3","12",1022.7257791134
"53","03","3","12",201.125993363424
"54","05","3","12",752.082796648312
"55","06","3","12",993.447190417098
"56","07","3","12",1156.47060517713
"57","08","3","12",1219.37991408062
"58","09","3","12",1238.80365123398
"59","10","3","12",405.911934015983
"60","12","3","12",843.783959360351
"61","13","3","12",1070.04663858987
"62","14","3","12",1211.48958318257
"63","15","3","12",1224.59174850696
"64","16","3","12",1233.83424816557
"65","17","3","12",342.150548609194
"66","20","3","12",1037.19246510681
"67","21","3","12",1176.57934724365
"68","22","3","12",1218.68366747888
"69","23","3","12",1302.11896834762
"70","24","3","12",326.660899718385
"71","26","3","12",902.484241476359
"72","27","3","12",1207.61279359023
"73","28","3","12",1432.78778990343
"74","29","3","12",1597.22063284678
"75","30","3","12",1779.25424795394
"76","31","3","12",599.0708828393
"77","02","4","12",604.079415647059
"78","03","4","12",887.226700449671
"79","04","4","12",1082.50554945954
"80","07","4","12",323.29687425743
"81","09","4","12",820.157287767634
"82","10","4","12",1092.01264110223
"83","11","4","12",1193.5833423939
"84","12","4","12",1219.33133859753
"85","13","4","12",1282.24906960716
"86","14","4","12",378.315852262875
"87","16","4","12",815.187884699227
"88","17","4","12",1028.25125569544
"89","18","4","12",1155.81628344925
"90","19","4","12",1211.50606438167
"91","20","4","12",1249.3948961241
"92","21","4","12",343.405616323948
"93","23","4","12",883.472604881282
"94","24","4","12",1012.76160680463
"95","25","4","12",1228.03326838364
"96","26","4","12",1278.03162071354
"97","27","4","12",1419.81522460752
"98","28","4","12",599.614058983735
"99","30","4","12",1360.6078844876
"100","02","5","12",950.947057606568
"101","03","5","12",1073.07391189161
"102","04","5","12",1164.37872129719
"103","05","5","12",265.776707688122
"104","07","5","12",819.697413548432
"105","08","5","12",1043.62715296949
"106","09","5","12",1167.02492972714
"107","10","5","12",1277.85985254417
"108","11","5","12",1275.45651423154
"109","12","5","12",357.47787040016
"110","14","5","12",874.716391553878
"111","15","5","12",1048.83898739584
"112","16","5","12",1162.05552665874
"113","17","5","12",1214.09846713738
"114","18","5","12",1237.68945528689
"115","19","5","12",349.652596184304
"116","22","5","12",1042.93090636776
"117","23","5","12",1230.34024684079
"118","24","5","12",1198.60881824657
"119","25","5","12",1309.90644022129
"120","26","5","12",416.178152516168
"121","28","5","12",1096.01459827474
"122","29","5","12",1421.46787173565
"123","30","5","12",1707.47552644711
"124","31","5","12",1471.01880136748
"125","01","6","12",1027.02561746108
"126","02","6","12",118.660341849672
"127","04","6","12",746.619372993652
"128","05","6","12",952.764429937174
"129","06","6","12",1134.75791509035
"130","07","6","12",1196.13180794842
"131","08","6","12",1256.71659914958
"132","09","6","12",334.738213970248
"133","12","6","12",1044.46559264921
"134","13","6","12",1211.35736326313
"135","14","6","12",1251.15078595386
"136","15","6","12",1261.92843357593
"137","16","6","12",329.76881090184
"138","19","6","12",1036.64031843336
"139","20","6","12",1178.50318978007
"140","21","6","12",1216.24055001493
"141","22","6","12",1256.02035254785
"142","23","6","12",398.053531083896
"143","25","6","12",892.14709191775
"144","26","6","12",1103.16587476522
"145","27","6","12",1348.92351826349
"146","28","6","12",1472.44899267472
"147","29","6","12",1634.55731791574
"148","30","6","12",875.188810690215
"149","03","7","12",901.080244696791
"150","04","7","12",1096.35909370666
"151","05","7","12",1141.48372013261
"152","06","7","12",1219.5031656815
"153","07","7","12",337.150418504551
"154","09","7","12",834.010832014754
"155","10","7","12",1105.86618534935
"156","11","7","12",1207.43688664102
"157","12","7","12",1233.18488284465
"158","13","7","12",1296.10261385428
"159","14","7","12",392.169396509996
"160","16","7","12",829.041428946347
"161","17","7","12",1042.10479994256
"162","18","7","12",1169.66982769637
"163","19","7","12",1225.35960862879
"164","21","7","12",357.259160571069
"165","23","7","12",897.326149128402
"166","24","7","12",1026.61515105175
"167","25","7","12",1241.88681263076
"168","26","7","12",1291.88516496066
"169","27","7","12",1433.66876885464
"170","28","7","12",613.467603230856
"171","30","7","12",1374.46142873472
"172","31","7","12",1299.02513417267
"173","01","8","12",971.352504487765
"174","02","8","12",1006.71386891137
"175","03","8","12",1126.51620549409
"176","04","8","12",276.418892566977
"177","06","8","12",814.090331995173
"178","08","8","12",1201.04348617627
"179","09","8","12",1222.79174103195
"180","10","8","12",1331.30214614665
"181","11","8","12",387.496685501333
"182","13","8","12",890.689780167948
"183","14","8","12",1091.50363337625
"184","15","8","12",1206.25532060261
"185","16","8","12",1217.82233796354
"186","17","8","12",1267.54076073986
"187","18","8","12",349.729626556678
"188","21","8","12",1056.59339743733
"189","22","8","12",1200.34723957453
"190","23","8","12",1286.10705814559
"191","24","8","12",1252.05111184905
"192","25","8","12",421.946611491076
"193","27","8","12",1028.25593516831
"194","28","8","12",1312.80184009711
"195","29","8","12",1578.88420494243
"196","30","8","12",1763.24233775191
"197","31","8","12",1524.46109496996
"198","01","9","12",137.334536525764
"199","03","9","12",707.025604985444
"200","04","9","12",961.675362610923
"201","05","9","12",1108.44951093884
"202","06","9","12",1188.79347419005
"203","07","9","12",1247.84284934579
"204","08","9","12",367.025518214264
"205","10","9","12",911.811545638003
"206","11","9","12",1072.75315554528
"207","12","9","12",1200.15067365088
"208","13","9","12",1265.39292236283
"209","14","9","12",1302.86182735124
"210","15","9","12",372.237352640611
"211","17","9","12",848.050160231214
"212","18","9","12",1034.98609660062
"213","19","9","12",1192.32539943502
"214","20","9","12",1232.53874887977
"215","21","9","12",1267.95159141231
"216","22","9","12",366.329271612527
"217","24","9","12",832.560511340405
"218","25","9","12",1107.20308153502
"219","26","9","12",1258.85095576689
"220","27","9","12",1402.95907736318
"221","28","9","12",1524.1600340721
"222","29","9","12",744.866236980424
"223","01","10","12",617.941560380227
"224","02","10","12",814.323355321406
"225","03","10","12",1038.09973150841
"226","04","10","12",1131.72905861632
"227","05","10","12",1174.52916733994
"228","06","10","12",311.146490556141
"229","08","10","12",847.632542068727
"230","09","10","12",1030.40122744198
"231","10","10","12",1242.88567216097
"232","11","10","12",1242.80685155067
"233","12","10","12",1266.23033005198
"234","13","10","12",387.745938728916
"235","16","10","12",1025.43182437357
"236","17","10","12",1179.12428675418
"237","18","10","12",1205.03979260602
"238","19","10","12",1258.40505583613
"239","20","10","12",354.891765245856
"240","22","10","12",846.93629546699
"241","23","10","12",1093.71654455563
"242","24","10","12",1163.63463786337
"243","25","10","12",1277.25677754042
"244","26","10","12",1324.93061216799
"245","27","10","12",525.312093729275
"246","29","10","12",1225.47326083489
"247","30","10","12",1570.85182416195
"248","31","10","12",1436.04462098429
"249","01","11","12",1024.09280508158
"250","02","11","12",1057.12965180286
"251","03","11","12",235.529866052886
"252","06","11","12",1027.85106310656
"253","07","11","12",1190.87447786659
"254","08","11","12",1253.78378677008
"255","09","11","12",1273.20752392344
"256","10","11","12",440.315806705446
"257","13","11","12",1104.45051127934
"258","14","11","12",1245.89345587204
"259","15","11","12",1258.99562119643
"260","16","11","12",1268.23812085503
"261","17","11","12",376.554421298656
"262","19","11","12",870.362557833957
"263","20","11","12",1071.59633779628
"264","21","11","12",1210.98321993311
"265","22","11","12",1253.08754016834
"266","23","11","12",1336.52284103709
"267","24","11","12",361.064772407847
"268","26","11","12",936.888114165821
"269","27","11","12",1242.01666627969
"270","28","11","12",1467.1916625929
"271","29","11","12",1631.62450553624
"272","30","11","12",1813.65812064341
"273","01","12","12",504.097524089341
"274","03","12","12",1073.78859254902
"275","04","12","12",1328.4383501745
"276","05","12","12",1475.21249850242
"277","06","12","12",1555.55646175363
"278","07","12","12",1614.60583690937
"279","10","12","12",1278.57453320158
"280","11","12","12",1439.51614310886
"281","12","12","12",1566.91366121445
"282","13","12","12",1632.1559099264
"283","14","12","12",1669.62481491481
"284","15","12","12",739.000340204189
"285","17","12","12",1214.81314779479
"286","18","12","12",1401.7490841642
"287","19","12","12",1559.0883869986
"288","20","12","12",1599.30173644334
"289","21","12","12",1634.71457897589
"290","22","12","12",733.092259176104
"291","24","12","12",1199.32349890398
"292","26","12","12",1625.61394333046
"293","27","12","12",1769.72206492676
"294","28","12","12",1890.92302163567
"295","29","12","12",1111.629224544
"296","31","12","12",1471.7334820249
"297","02","1","13",739.034736827197
"298","03","1","13",861.161591112235
"299","04","1","13",952.466400517819
"300","05","1","13",53.8643869087509
"301","08","1","13",831.714832190123
"302","09","1","13",955.112608947772
"303","10","1","13",1065.94753176479
"304","11","1","13",1063.54419345217
"305","12","1","13",145.565549620789
"306","14","1","13",662.804070774507
"307","15","1","13",836.926666616471
"308","16","1","13",950.143205879365
"309","17","1","13",1002.18614635801
"310","18","1","13",1025.77713450752
"311","19","1","13",137.740275404933
"312","21","1","13",627.89383483558
"313","22","1","13",831.018585588386
"314","23","1","13",1018.42792606142
"315","24","1","13",986.696497467196
"316","25","1","13",1097.99411944192
"317","26","1","13",204.265831736797
"318","28","1","13",884.102277495366
"319","29","1","13",1209.55555095628
"320","30","1","13",1495.56320566774
"321","31","1","13",1259.10648058811
"322","01","2","13",958.57764705363
"323","02","2","13",50.2123714422199
"324","04","2","13",678.1714025862
"325","05","2","13",884.316459529721
"326","06","2","13",1066.3099446829
"327","07","2","13",1127.68383754096
"328","08","2","13",1188.26862874213
"329","09","2","13",266.290243562795
"330","11","2","13",789.249195520555
"331","12","2","13",976.01762224176
"332","13","2","13",1142.90939285568
"333","14","2","13",1182.70281554641
"334","15","2","13",1193.48046316848
"335","16","2","13",261.320840494388
"336","18","2","13",751.4821365759
"337","19","2","13",968.192348025903
"338","20","2","13",1110.05521937262
"339","21","2","13",1147.79257960748
"340","22","2","13",1187.57238214039
"341","23","2","13",329.605560676443
"342","25","2","13",823.699121510298
"343","26","2","13",1034.71790435777
"344","27","2","13",1280.47554785604
"345","28","2","13",1404.00102226727
"346","01","3","13",997.446519329887
"347","02","3","13",89.0812437184774
"348","04","3","13",717.040274862457
"349","05","3","13",923.185331805978
"350","06","3","13",1105.17881695916
"351","07","3","13",1166.55270981722
"352","08","3","13",1227.13750101839
"353","09","3","13",305.159115839053
"354","11","3","13",828.118067796812
"355","12","3","13",1014.88649451802
"356","13","3","13",1181.77826513193
"357","14","3","13",1221.57168782267
"358","15","3","13",1232.34933544473
"359","16","3","13",300.189712770645
"360","18","3","13",790.351008852158
"361","19","3","13",1007.06122030216
"362","20","3","13",1148.92409164887
"363","21","3","13",1186.66145188374
"364","22","3","13",1226.44125441665
"365","23","3","13",368.474432952701
"366","26","3","13",1073.58677663403
"367","27","3","13",1319.34442013229
"368","30","3","13",845.60971255902
"369","01","4","13",578.800155863546
"370","02","4","13",775.181950804725
"371","03","4","13",998.958326991732
"372","04","4","13",1092.58765409964
"373","05","4","13",1135.38776282326
"374","06","4","13",272.005086039459
"375","08","4","13",808.491137552046
"376","09","4","13",991.2598229253
"377","10","4","13",1203.74426764429
"378","11","4","13",1203.66544703399
"379","12","4","13",1227.0889255353
"380","13","4","13",348.604534212235
"381","15","4","13",813.702971978393
"382","16","4","13",986.290419856893
"383","17","4","13",1139.9828822375
"384","18","4","13",1165.89838808934
"385","19","4","13",1219.26365131944
"386","20","4","13",315.750360729175
"387","22","4","13",807.794890950309
"388","23","4","13",1054.57514003895
"389","24","4","13",1124.49323334669
"390","25","4","13",1238.11537302374
"391","26","4","13",1285.78920765131
"392","27","4","13",486.170689212594
"393","29","4","13",1186.33185631821
"394","30","4","13",1531.71041964527
"395","02","5","13",961.02916224666
"396","03","5","13",1080.83149882938
"397","04","5","13",230.734185902266
"398","06","5","13",768.405625330462
"399","07","5","13",990.799948706099
"400","08","5","13",1155.35877951155
"401","09","5","13",1177.10703436724
"402","10","5","13",1285.61743948194
"403","11","5","13",341.811978836622
"404","14","5","13",1045.81892671154
"405","15","5","13",1160.5706139379
"406","16","5","13",1172.13763129883
"407","17","5","13",1221.85605407515
"408","18","5","13",304.044919891967
"409","20","5","13",812.150900020177
"410","21","5","13",1010.90869077262
"411","22","5","13",1154.66253290982
"412","23","5","13",1240.42235148088
"413","24","5","13",1206.36640518434
"414","25","5","13",376.261904826365
"415","27","5","13",982.571228503596
"416","28","5","13",1267.1171334324
"417","29","5","13",1533.19949827772
"418","30","5","13",1717.5576310872
"419","31","5","13",1478.77638830525
"420","01","6","13",93.3810820661591
"421","04","6","13",917.721908151318
"422","05","6","13",1064.49605647923
"423","06","6","13",1144.84001973045
"424","07","6","13",1203.88939488619
"425","08","6","13",323.07206375466
"426","11","6","13",1028.79970108567
"427","12","6","13",1156.19721919127
"428","13","6","13",1221.43946790322
"429","14","6","13",1258.90837289163
"430","15","6","13",328.283898181007
"431","17","6","13",804.096705771609
"432","18","6","13",991.032642141019
"433","19","6","13",1148.37194497542
"434","20","6","13",1188.58529442016
"435","21","6","13",1223.9981369527
"436","22","6","13",322.375817152922
"437","24","6","13",788.6070568808
"438","25","6","13",1063.24962707542
"439","26","6","13",1214.89750130728
"440","27","6","13",1359.00562290358
"441","28","6","13",1480.20657961249
"442","29","6","13",700.91278252082
"443","02","7","13",789.035495051845
"444","03","7","13",1012.81187123885
"445","04","7","13",1106.44119834676
"446","05","7","13",1149.24130707038
"447","06","7","13",285.85863028658
"448","08","7","13",822.344681799166
"449","09","7","13",1005.11336717242
"450","10","7","13",1217.59781189141
"451","11","7","13",1217.51899128111
"452","12","7","13",1240.94246978242
"453","13","7","13",362.458078459355
"454","15","7","13",827.556516225514
"455","16","7","13",1000.14396410401
"456","17","7","13",1153.83642648462
"457","18","7","13",1179.75193233646
"458","19","7","13",1233.11719556656
"459","22","7","13",821.648435197429
"460","23","7","13",1068.42868428607
"461","24","7","13",1138.34677759381
"462","25","7","13",1251.96891727086
"463","26","7","13",1299.64275189843
"464","27","7","13",500.024233459714
"465","29","7","13",1200.18540056533
"466","30","7","13",1545.56396389239
"467","31","7","13",1410.75676071473
"468","01","8","13",981.434609127858
"469","02","8","13",1014.47145584914
"470","03","8","13",192.871670099165
"471","05","8","13",743.828473384053
"472","06","8","13",985.192867152839
"473","08","8","13",1211.12559081636
"474","09","8","13",1230.54932796972
"475","10","8","13",397.657610751724
"476","12","8","13",835.529636096092
"477","13","8","13",1061.79231532561
"478","14","8","13",1203.23525991832
"479","15","8","13",1216.33742524271
"480","16","8","13",1225.57992490131
"481","17","8","13",333.896225344935
"482","20","8","13",1028.93814184255
"483","21","8","13",1168.32502397939
"484","22","8","13",1210.42934421462
"485","23","8","13",1293.86464508336
"486","24","8","13",318.406576454126
"487","26","8","13",894.2299182121
"488","27","8","13",1199.35847032597
"489","28","8","13",1424.53346663918
"490","29","8","13",1588.96630958252
"491","30","8","13",1770.99992468968
"492","31","8","13",590.816559575041
"493","02","9","13",594.980855340498
"494","03","9","13",878.12814014311
"495","04","9","13",1073.40698915298
"496","05","9","13",1118.53161557893
"497","06","9","13",1196.55106112782
"498","07","9","13",314.198313950869
"499","09","9","13",811.058727461073
"500","10","9","13",1082.91408079567
"501","11","9","13",1184.48478208734
"502","12","9","13",1210.23277829097
"503","13","9","13",1273.1505093006
"504","14","9","13",369.217291956314
"505","16","9","13",806.089324392665
"506","17","9","13",1019.15269538888
"507","18","9","13",1146.71772314268
"508","19","9","13",1202.40750407511
"509","20","9","13",1240.29633581754
"510","21","9","13",334.307056017387
"511","23","9","13",874.374044574721
"512","24","9","13",1003.66304649807
"513","25","9","13",1218.93470807708
"514","26","9","13",1268.93306040698
"515","27","9","13",1410.71666430096
"516","28","9","13",590.515498677174
"517","30","9","13",1351.50932418104
"518","01","10","13",789.044095537893
"519","02","10","13",926.054981863467
"520","03","10","13",1048.18183614851
"521","04","10","13",1139.48664555409
"522","05","10","13",240.884631945021
"523","07","10","13",794.805337805332
"524","08","10","13",1018.73507722639
"525","09","10","13",1142.13285398404
"526","10","10","13",1252.96777680106
"527","11","10","13",1250.56443848844
"528","12","10","13",332.58579465706
"529","15","10","13",1023.94691165274
"530","16","10","13",1137.16345091564
"531","17","10","13",1189.20639139428
"532","18","10","13",1212.79737954379
"533","19","10","13",324.760520441203
"534","21","10","13",814.91407987185
"535","22","10","13",1018.03883062466
"536","23","10","13",1205.44817109769
"537","24","10","13",1173.71674250347
"538","25","10","13",1285.01436447819
"539","26","10","13",391.286076773068
"540","28","10","13",1071.12252253164
"541","29","10","13",1396.57579599255
"542","30","10","13",1682.58345070401
"543","31","10","13",1446.12672562438
"544","01","11","13",1031.85039201935
"545","02","11","13",123.48511640794
"546","05","11","13",957.589204495441
"547","06","11","13",1139.58268964862
"548","07","11","13",1200.95658250668
"549","08","11","13",1261.54137370785
"550","09","11","13",339.562988528515
"551","12","11","13",1049.29036720748
"552","13","11","13",1216.1821378214
"553","14","11","13",1255.97556051213
"554","15","11","13",1266.7532081342
"555","16","11","13",334.593585460108
"556","18","11","13",824.75488154162
"557","19","11","13",1041.46509299162
"558","20","11","13",1183.32796433834
"559","21","11","13",1221.0653245732
"560","22","11","13",1260.84512710611
"561","23","11","13",402.878305642163
"562","25","11","13",896.971866476018
"563","26","11","13",1107.99064932349
"564","27","11","13",1353.74829282176
"565","28","11","13",1477.27376723299
"566","29","11","13",1639.38209247401
"567","30","11","13",880.013585248483
"568","02","12","13",961.743842904074
"569","03","12","13",1244.89112770669
"570","04","12","13",1440.16997671656
"571","05","12","13",1485.29460314251
"572","06","12","13",1563.3140486914
"573","07","12","13",680.961301514446
"574","09","12","13",1177.82171502465
"575","10","12","13",1449.67706835925
"576","11","12","13",1551.24776965092
"577","12","12","13",1576.99576585455
"578","13","12","13",1639.91349686417
"579","14","12","13",735.980279519891
"580","16","12","13",1172.85231195624
"581","17","12","13",1385.91568295246
"582","18","12","13",1513.48071070626
"583","19","12","13",1569.17049163869
"584","20","12","13",1607.05932338111
"585","21","12","13",701.070043580964
"586","23","12","13",1241.1370321383
"587","24","12","13",1370.42603406165
"588","26","12","13",1635.69604797055
"589","27","12","13",1777.47965186453
"590","28","12","13",957.278486240751
"591","30","12","13",1718.27231174462
"592","31","12","13",1642.83601718256
"593","02","1","14",749.116841467289
"594","03","1","14",868.919178050006
"595","04","1","14",18.8218651228955
"596","07","1","14",778.887627926728
"597","08","1","14",943.446458732184
"598","09","1","14",965.194713587864
"599","10","1","14",1073.70511870257
"600","11","1","14",129.899658057251
"601","13","1","14",633.092752723866
"602","14","1","14",833.906605932173
"603","15","1","14",948.658293158531
"604","16","1","14",960.225310519457
"605","17","1","14",1009.94373329578
"606","18","1","14",92.1325991125963
"607","20","1","14",600.238579240807
"608","21","1","14",798.996369993246
"609","22","1","14",942.750212130447
"610","23","1","14",1028.51003070151
"611","24","1","14",994.454084404967
"612","25","1","14",164.349584046994
"613","27","1","14",770.658907724225
"614","28","1","14",1055.20481265303
"615","29","1","14",1321.28717749834
"616","30","1","14",1505.64531030783
"617","31","1","14",1266.86406752588
"618","01","2","14",24.9331116587069
"619","03","2","14",594.624180118387
"620","04","2","14",849.273937743866
"621","05","2","14",996.048086071782
"622","06","2","14",1076.39204932299
"623","07","2","14",1135.44142447873
"624","08","2","14",254.624093347208
"625","10","2","14",799.410120770946
"626","11","2","14",960.351730678221
"627","12","2","14",1087.74924878382
"628","13","2","14",1152.99149749577
"629","14","2","14",1190.46040248418
"630","15","2","14",259.835927773555
"631","17","2","14",735.648735364157
"632","18","2","14",922.584671733567
"633","19","2","14",1079.92397456796
"634","20","2","14",1120.13732401271
"635","21","2","14",1155.55016654525
"636","22","2","14",253.92784674547
"637","24","2","14",720.159086473348
"638","25","2","14",994.801656667964
"639","26","2","14",1146.44953089983
"640","27","2","14",1290.55765249613
"641","28","2","14",1411.75860920504
"642","01","3","14",63.8019839349644
"643","03","3","14",633.493052394644
"644","04","3","14",888.142810020123
"645","05","3","14",1034.91695834804
"646","06","3","14",1115.26092159925
"647","07","3","14",1174.31029675499
"648","08","3","14",293.492965623465
"649","10","3","14",838.278993047204
"650","11","3","14",999.220602954479
"651","12","3","14",1126.61812106008
"652","13","3","14",1191.86036977203
"653","14","3","14",1229.32927476044
"654","15","3","14",298.704800049812
"655","17","3","14",774.517607640414
"656","18","3","14",961.453544009824
"657","19","3","14",1118.79284684422
"658","20","3","14",1159.00619628897
"659","21","3","14",1194.41903882151
"660","22","3","14",292.796719021727
"661","25","3","14",1033.67052894422
"662","26","3","14",1185.31840317609
"663","27","3","14",1329.42652477239
"664","28","3","14",1450.6274814813
"665","29","3","14",671.333684389625
"666","31","3","14",1031.43794187052
"667","01","4","14",749.902691021212
"668","02","4","14",886.913577346786
"669","03","4","14",1009.04043163182
"670","04","4","14",1100.34524103741
"671","05","4","14",201.74322742834
"672","07","4","14",755.663933288651
"673","08","4","14",979.593672709712
"674","09","4","14",1102.99144946736
"675","10","4","14",1213.82637228438
"676","11","4","14",1211.42303397176
"677","12","4","14",293.444390140378
"678","14","4","14",810.682911294096
"679","15","4","14",984.80550713606
"680","16","4","14",1098.02204639895
"681","19","4","14",285.619115924522
"682","21","4","14",775.772675355169
"683","22","4","14",978.897426107975
"684","23","4","14",1166.30676658101
"685","24","4","14",1134.57533798679
"686","25","4","14",1245.87295996151
"687","26","4","14",352.144672256387
"688","28","4","14",1031.98111801496
"689","29","4","14",1357.43439147587
"690","30","4","14",1643.44204618733
"691","02","5","14",968.78674918443
"692","03","5","14",147.186963434454
"693","05","5","14",698.143766719342
"694","06","5","14",939.508160488128
"695","07","5","14",1102.53157524816
"696","08","5","14",1165.44088415165
"697","09","5","14",1184.86462130501
"698","10","5","14",351.972904087013
"699","12","5","14",789.844929431381
"700","13","5","14",1016.1076086609
"701","14","5","14",1157.5505532536
"702","15","5","14",1170.65271857799
"703","16","5","14",1179.8952182366
"704","17","5","14",288.211518680224
"705","19","5","14",782.019655215524
"706","20","5","14",983.253435177844
"707","21","5","14",1122.64031731468
"708","22","5","14",1164.74463754991
"709","23","5","14",1248.17993841865
"710","24","5","14",272.721869789415
"711","26","5","14",848.545211547389
"712","27","5","14",1153.67376366126
"713","28","5","14",1378.84875997446
"714","29","5","14",1543.28160291781
"715","30","5","14",1725.31521802497
"716","31","5","14",545.13185291033
"717","03","6","14",834.174685683505
"718","04","6","14",1029.45353469338
"719","05","6","14",1074.57816111933
"720","06","6","14",1152.59760666822
"721","07","6","14",270.244859491264
"722","09","6","14",767.105273001468
"723","10","6","14",1038.96062633606
"724","11","6","14",1140.53132762773
"725","12","6","14",1166.27932383136
"726","13","6","14",1229.19705484099
"727","14","6","14",325.263837496709
"728","16","6","14",762.135869933061
"729","17","6","14",975.199240929276
"730","18","6","14",1102.76426868308
"731","19","6","14",1158.45404961551
"732","20","6","14",1196.34288135793
"733","21","6","14",290.353601557782
"734","24","6","14",959.709592038467
"735","25","6","14",1174.98125361748
"736","26","6","14",1224.97960594737
"737","27","6","14",1366.76320984135
"738","28","6","14",546.562044217569
"739","01","7","14",763.756235268332
"740","02","7","14",900.767121593906
"741","03","7","14",1022.89397587894
"742","04","7","14",1114.19878528453
"743","05","7","14",215.59677167546
"744","07","7","14",769.517477535771
"745","08","7","14",993.447216956833
"746","09","7","14",1116.84499371448
"747","10","7","14",1227.6799165315
"748","11","7","14",1225.27657821888
"749","12","7","14",307.297934387499
"750","14","7","14",824.536455541216
"751","15","7","14",998.65905138318
"752","16","7","14",1111.87559064607
"753","17","7","14",1163.91853112471
"754","18","7","14",1187.50951927423
"755","19","7","14",299.472660171642
"756","21","7","14",789.626219602289
"757","22","7","14",992.750970355095
"758","23","7","14",1180.16031082813
"759","24","7","14",1148.42888223391
"760","25","7","14",1259.72650420863
"761","26","7","14",365.998216503507
"762","28","7","14",1045.83466226208
"763","29","7","14",1371.28793572299
"764","30","7","14",1657.29559043445
"765","31","7","14",1420.83886535482
"766","01","8","14",989.192196065628
"767","02","8","14",80.8269204542183
"768","04","8","14",708.785951598198
"769","05","8","14",914.93100854172
"770","06","8","14",1096.9244936949
"771","08","8","14",1218.88317775413
"772","09","8","14",296.904792574794
"773","11","8","14",819.863744532553
"774","12","8","14",1006.63217125376
"775","13","8","14",1173.52394186767
"776","14","8","14",1213.31736455841
"777","15","8","14",1224.09501218048
"778","16","8","14",291.935389506386
"779","19","8","14",998.806897037901
"780","20","8","14",1140.66976838462
"781","21","8","14",1178.40712861948
"782","22","8","14",1218.18693115239
"783","23","8","14",360.220109688441
"784","25","8","14",854.313670522296
"785","26","8","14",1065.33245336977
"786","27","8","14",1311.09009686803
"787","28","8","14",1434.61557127927
"788","29","8","14",1596.72389652029
"789","30","8","14",837.355389294761
"790","01","9","14",569.701595556984
"791","02","9","14",766.083390498164
"792","03","9","14",989.859766685171
"793","04","9","14",1083.48909379308
"794","05","9","14",1126.2892025167
"795","06","9","14",262.906525732898
"796","08","9","14",799.392577245485
"797","09","9","14",982.161262618739
"798","10","9","14",1194.64570733773
"799","11","9","14",1194.56688672743
"800","12","9","14",1217.99036522874
"801","13","9","14",339.505973905674
"802","15","9","14",804.604411671832
"803","16","9","14",977.191859550332
"804","17","9","14",1130.88432193094
"805","18","9","14",1156.79982778278
"806","19","9","14",1210.16509101288
"807","20","9","14",306.651800422614
"808","22","9","14",798.696330643748
"809","23","9","14",1045.47657973239
"810","24","9","14",1115.39467304013
"811","25","9","14",1229.01681271717
"812","26","9","14",1276.69064734475
"813","27","9","14",477.072128906033
"814","29","9","14",1177.23329601165
"815","30","9","14",1522.61185933871
"816","01","10","14",900.775722079954
"817","02","10","14",936.137086503559
"818","03","10","14",1055.93942308628
"819","04","10","14",205.842110159166
"820","06","10","14",743.513549587361
"821","07","10","14",965.907872962998
"822","08","10","14",1130.46670376845
"823","09","10","14",1152.21495862413
"824","10","10","14",1260.72536373884
"825","11","10","14",316.919903093521
"826","14","10","14",1020.92685096844
"827","15","10","14",1135.6785381948
"828","16","10","14",1147.24555555573
"829","17","10","14",1196.96397833205
"830","18","10","14",279.152844148867
"831","20","10","14",787.258824277077
"832","21","10","14",986.016615029516
"833","22","10","14",1129.77045716672
"834","23","10","14",1215.53027573778
"835","24","10","14",1181.47432944124
"836","25","10","14",351.369829083264
"837","27","10","14",957.679152760496
"838","28","10","14",1242.2250576893
"839","29","10","14",1508.30742253461
"840","30","10","14",1692.6655553441
"841","31","10","14",1453.88431256215
"842","01","11","14",98.2058566244268
"843","04","11","14",922.546682709586
"844","05","11","14",1069.3208310375
"845","06","11","14",1149.66479428871
"846","07","11","14",1208.71416944445
"847","08","11","14",327.896838312927
"848","10","11","14",872.682865736666
"849","11","11","14",1033.62447564394
"850","12","11","14",1161.02199374954
"851","13","11","14",1226.26424246149
"852","14","11","14",1263.7331474499
"853","15","11","14",333.108672739275
"854","18","11","14",995.857416699286
"855","19","11","14",1153.19671953368
"856","20","11","14",1193.41006897843
"857","21","11","14",1228.82291151097
"858","22","11","14",327.20059171119
"859","24","11","14",793.431831439068
"860","25","11","14",1068.07440163368
"861","26","11","14",1219.72227586555
"862","27","11","14",1363.83039746185
"863","28","11","14",1485.03135417076
"864","29","11","14",705.737557079088
"865","01","12","14",936.464583120561
"866","02","12","14",1132.84637806174
"867","03","12","14",1356.62275424875
"868","04","12","14",1450.25208135665
"869","05","12","14",1493.05219008028
"870","06","12","14",629.669513296475
"871","09","12","14",1348.92425018232
"872","10","12","14",1561.40869490131
"873","11","12","14",1561.32987429101
"874","12","12","14",1584.75335279232
"875","13","12","14",706.268961469251
"876","15","12","14",1171.36739923541
"877","16","12","14",1343.95484711391
"878","17","12","14",1497.64730949452
"879","18","12","14",1523.56281534635
"880","19","12","14",1576.92807857646
"881","20","12","14",673.414787986191
"882","22","12","14",1165.45931820732
"883","23","12","14",1412.23956729596
"884","24","12","14",1482.15766060371
"885","26","12","14",1643.45363490833
"886","27","12","14",843.83511646961
"887","29","12","14",1543.99628357522
"888","30","12","14",1889.37484690228
"889","31","12","14",1754.56764372462
"890","02","1","15",756.874428405059
"891","03","1","15",0
"892","05","1","15",486.231445939972
"893","06","1","15",727.595839708757
"894","07","1","15",890.619254468789
"895","08","1","15",953.528563372276
"896","09","1","15",972.952300525635
"897","10","1","15",140.060583307642
"898","13","1","15",804.195287881533
"899","14","1","15",945.638232474234
"900","15","1","15",958.740397798624
"901","16","1","15",967.982897457228
"902","17","1","15",76.299197900853
"903","19","1","15",570.107334436153
"904","20","1","15",771.341114398473
"905","21","1","15",910.727996535307
"906","22","1","15",952.832316770539
"907","23","1","15",1036.26761763928
"908","24","1","15",60.8095490100438
"909","26","1","15",636.632890768018
"910","27","1","15",941.761442881892
"911","28","1","15",1166.93643919509
"912","29","1","15",1331.36928213844
"913","30","1","15",1513.4028972456
"914","31","1","15",333.21953213096
"915","02","2","15",482.57943047344
"916","03","2","15",765.726715276053
"917","04","2","15",961.005564285927
"918","05","2","15",1006.13019071187
"919","06","2","15",1084.14963626076
"920","07","2","15",201.796889083812
"921","09","2","15",698.657302594016
"922","10","2","15",970.512655928613
"923","11","2","15",1072.08335722028
"924","12","2","15",1097.83135342391
"925","13","2","15",1160.74908443354
"926","14","2","15",256.815867089257
"927","16","2","15",693.687899525609
"928","17","2","15",906.751270521823
"929","18","2","15",1034.31629827563
"930","19","2","15",1090.00607920806
"931","20","2","15",1127.89491095048
"932","21","2","15",221.90563115033
"933","23","2","15",761.972619707664
"934","24","2","15",891.261621631014
"935","25","2","15",1106.53328321003
"936","26","2","15",1156.53163553992
"937","27","2","15",1298.3152394339
"938","28","2","15",478.114073810117
"939","02","3","15",521.448302749698
"940","03","3","15",804.595587552311
"941","04","3","15",999.874436562184
"942","05","3","15",1044.99906298813
"943","06","3","15",1123.01850853702
"944","07","3","15",240.665761360069
"945","09","3","15",737.526174870273
"946","10","3","15",1009.38152820487
"947","11","3","15",1110.95222949654
"948","12","3","15",1136.70022570017
"949","13","3","15",1199.6179567098
"950","14","3","15",295.684739365515
"951","16","3","15",732.556771801866
"952","17","3","15",945.620142798081
"953","18","3","15",1073.18517055188
"954","19","3","15",1128.87495148431
"955","20","3","15",1166.76378322674
"956","21","3","15",260.774503426587
"957","24","3","15",930.130493907272
"958","25","3","15",1145.40215548628
"959","26","3","15",1195.40050781618
"960","27","3","15",1337.18411171016
"961","28","3","15",516.982946086374
"962","30","3","15",1277.97677159024
"963","31","3","15",1202.54047702819
"964","01","4","15",861.634317563273
"965","04","4","15",166.700705642485
"966","06","4","15",704.37214507068
"967","07","4","15",926.766468446317
"968","08","4","15",1091.32529925177
"969","09","4","15",1113.07355410745
"970","10","4","15",1221.58395922215
"971","11","4","15",277.77849857684
"972","13","4","15",780.971593243455
"973","14","4","15",981.785446451762
"974","15","4","15",1096.53713367812
"975","16","4","15",1108.10415103905
"976","17","4","15",1157.82257381536
"977","18","4","15",240.011439632185
"978","20","4","15",748.117419760395
"979","21","4","15",946.875210512835
"980","22","4","15",1090.62905265004
"981","23","4","15",1176.3888712211
"982","24","4","15",1142.33292492456
"983","25","4","15",312.228424566583
"984","27","4","15",918.537748243814
"985","28","4","15",1203.08365317262
"986","29","4","15",1469.16601801793
"987","30","4","15",1653.52415082742
"988","02","5","15",35.1422137895075
"989","04","5","15",663.101244933487
"990","05","5","15",869.246301877009
"991","06","5","15",1051.23978703019
"992","07","5","15",1112.61367988825
"993","08","5","15",1173.19847108942
"994","09","5","15",251.220085910083
"995","11","5","15",774.179037867843
"996","12","5","15",960.947464589047
"997","13","5","15",1127.83923520296
"998","14","5","15",1167.6326578937
"999","15","5","15",1178.41030551577
"1000","16","5","15",246.250682841676
"1001","19","5","15",953.122190373191
"1002","20","5","15",1094.9850617199
"1003","21","5","15",1132.72242195477
"1004","22","5","15",1172.50222448768
"1005","23","5","15",314.535403023731
"1006","25","5","15",808.628963857586
"1007","26","5","15",1019.64774670505
"1008","27","5","15",1265.40539020332
"1009","28","5","15",1388.93086461456
"1010","29","5","15",1551.03918985558
"1011","30","5","15",791.67068263005
"1012","01","6","15",525.74814109738
"1013","02","6","15",722.129936038559
"1014","03","6","15",945.906312225566
"1015","04","6","15",1039.53563933347
"1016","05","6","15",1082.3357480571
"1017","06","6","15",218.953071273294
"1018","09","6","15",938.207808159134
"1019","10","6","15",1150.69225287813
"1020","11","6","15",1150.61343226783
"1021","12","6","15",1174.03691076914
"1022","13","6","15",295.552519446069
"1023","16","6","15",933.238405090727
"1024","17","6","15",1086.93086747134
"1025","18","6","15",1112.84637332317
"1026","19","6","15",1166.21163655328
"1027","20","6","15",262.698345963009
"1028","22","6","15",754.742876184143
"1029","23","6","15",1001.52312527278
"1030","24","6","15",1071.44121858053
"1031","25","6","15",1185.06335825757
"1032","26","6","15",1232.73719288514
"1033","27","6","15",433.118674446428
"1034","30","6","15",1478.6584048791
"1035","01","7","15",875.487861810393
"1036","02","7","15",910.849226233998
"1037","03","7","15",1030.65156281672
"1038","04","7","15",180.554249889605
"1039","06","7","15",718.2256893178
"1040","07","7","15",940.620012693437
"1041","08","7","15",1105.17884349889
"1042","09","7","15",1126.92709835457
"1043","10","7","15",1235.43750346927
"1044","11","7","15",291.63204282396
"1045","13","7","15",794.825137490576
"1046","14","7","15",995.638990698883
"1047","15","7","15",1110.39067792524
"1048","16","7","15",1121.95769528617
"1049","17","7","15",1171.67611806249
"1050","18","7","15",253.864983879306
"1051","21","7","15",960.728754759955
"1052","22","7","15",1104.48259689716
"1053","23","7","15",1190.24241546822
"1054","24","7","15",1156.18646917168
"1055","25","7","15",326.081968813703
"1056","27","7","15",932.391292490935
"1057","28","7","15",1216.93719741974
"1058","29","7","15",1483.01956226505
"1059","30","7","15",1667.37769507454
"1060","31","7","15",1428.59645229259
"1061","01","8","15",55.5476606707053
"1062","03","8","15",625.238729130385
"1063","04","8","15",879.888486755864
"1064","05","8","15",1026.66263508378
"1065","06","8","15",1107.00659833499
"1066","08","8","15",285.238642359206
"1067","10","8","15",830.024669782945
"1068","11","8","15",990.96627969022
"1069","12","8","15",1118.36379779582
"1070","13","8","15",1183.60604650777
"1071","14","8","15",1221.07495149618
"1072","15","8","15",290.450476785553
"1073","18","8","15",953.199220745565
"1074","19","8","15",1110.53852357996
"1075","20","8","15",1150.75187302471
"1076","21","8","15",1186.16471555725
"1077","22","8","15",284.542395757468
"1078","24","8","15",750.773635485346
"1079","25","8","15",1025.41620567996
"1080","26","8","15",1177.06407991183
"1081","27","8","15",1321.17220150813
"1082","28","8","15",1442.37315821704
"1083","29","8","15",663.079361125366
"1084","31","8","15",1023.18361860626
"1085","01","9","15",740.804130714651
"1086","02","9","15",877.815017040225
"1087","03","9","15",999.941871325263
"1088","04","9","15",1091.24668073085
"1089","05","9","15",192.644667121779
"1090","07","9","15",746.56537298209
"1091","08","9","15",970.495112403151
"1092","09","9","15",1093.8928891608
"1093","10","9","15",1204.72781197782
"1094","11","9","15",1202.3244736652
"1095","12","9","15",284.345829833817
"1096","14","9","15",801.584350987535
"1097","15","9","15",975.706946829499
"1098","16","9","15",1088.92348609239
"1099","17","9","15",1140.96642657103
"1100","18","9","15",1164.55741472055
"1101","19","9","15",276.520555617961
"1102","21","9","15",766.674115048607
"1103","22","9","15",969.798865801414
"1104","23","9","15",1157.20820627445
"1105","24","9","15",1125.47677768022
"1106","25","9","15",1236.77439965495
"1107","26","9","15",343.046111949825
"1108","28","9","15",1022.88255770839
"1109","29","9","15",1348.33583116931
"1110","30","9","15",1634.34348588077
"1111","01","10","15",910.857826720046
"1112","02","10","15",943.89467344133
"1113","03","10","15",122.294887691353
"1114","05","10","15",673.251690976242
"1115","06","10","15",914.616084745028
"1116","07","10","15",1077.63949950506
"1117","08","10","15",1140.54880840855
"1118","09","10","15",1159.97254556191
"1119","10","10","15",327.080828343913
"1120","13","10","15",991.215532917803
"1121","14","10","15",1132.6584775105
"1122","15","10","15",1145.76064283489
"1123","16","10","15",1155.0031424935
"1124","17","10","15",263.319442937123
"1125","19","10","15",757.127579472424
"1126","20","10","15",958.361359434743
"1127","21","10","15",1097.74824157158
"1128","22","10","15",1139.85256180681
"1129","23","10","15",1223.28786267555
"1130","24","10","15",247.829794046314
"1131","26","10","15",823.653135804288
"1132","27","10","15",1128.78168791816
"1133","28","10","15",1353.95668423136
"1134","29","10","15",1518.38952717471
"1135","30","10","15",1700.42314228187
"1136","31","10","15",520.23977716723
"1137","03","11","15",838.999460241773
"1138","04","11","15",1034.27830925165
"1139","05","11","15",1079.40293567759
"1140","06","11","15",1157.42238122648
"1141","07","11","15",275.069634049532
"1142","09","11","15",771.930047559736
"1143","10","11","15",1043.78540089433
"1144","11","11","15",1145.356102186
"1145","12","11","15",1171.10409838963
"1146","13","11","15",1234.02182939926
"1147","14","11","15",330.088612054977
"1148","17","11","15",980.024015487543
"1149","18","11","15",1107.58904324135
"1150","19","11","15",1163.27882417378
"1151","20","11","15",1201.1676559162
"1152","21","11","15",295.17837611605
"1153","23","11","15",835.245364673384
"1154","24","11","15",964.534366596734
"1155","25","11","15",1179.80602817575
"1156","26","11","15",1229.80438050564
"1157","27","11","15",1371.58798439962
"1158","28","11","15",551.386818775837
"1159","30","11","15",1312.3806442797
"1160","01","12","15",1107.56711827823
"1161","02","12","15",1244.5780046038
"1162","03","12","15",1366.70485888884
"1163","04","12","15",1458.00966829442
"1164","05","12","15",559.407654685356
"1165","07","12","15",1113.32836054567
"1166","09","12","15",1460.65587672438
"1167","10","12","15",1571.4907995414
"1168","11","12","15",1569.08746122878
"1169","12","12","15",651.108817397395
"1170","14","12","15",1168.34733855111
"1171","15","12","15",1342.46993439308
"1172","16","12","15",1455.68647365597
"1173","17","12","15",1507.72941413461
"1174","18","12","15",1531.32040228412
"1175","19","12","15",643.283543181538
"1176","21","12","15",1133.43710261218
"1177","22","12","15",1336.56185336499
"1178","23","12","15",1523.97119383803
"1179","24","12","15",1492.2397652438
"1180","26","12","15",709.809099513402
"1181","28","12","15",1389.64554527197
"1182","29","12","15",1715.09881873289
"1183","30","12","15",2001.10647344434
"1184","31","12","15",1764.64974836472
"1185","02","1","16",0
"1186","04","1","16",451.188924154116
"1187","05","1","16",657.333981097638
"1188","06","1","16",839.327466250818
"1189","07","1","16",900.701359108881
"1190","08","1","16",961.286150310047
"1191","09","1","16",39.307765130712
"1192","12","1","16",749.035143809676
"1193","13","1","16",915.926914423593
"1194","14","1","16",955.720337114326
"1195","15","1","16",966.497984736394
"1196","16","1","16",34.3383620623048
"1197","18","1","16",524.499658143817
"1198","19","1","16",741.20986959382
"1199","20","1","16",883.072740940534
"1200","21","1","16",920.810101175399
"1201","22","1","16",960.58990370831
"1202","23","1","16",102.62308224436
"1203","25","1","16",596.716643078215
"1204","26","1","16",807.735425925684
"1205","27","1","16",1053.49306942395
"1206","28","1","16",1177.01854383519
"1207","29","1","16",1339.12686907621
"1208","30","1","16",579.75836185068
"1209","01","2","16",457.300170689927
"1210","02","2","16",653.681965631107
"1211","03","2","16",877.458341818114
"1212","04","2","16",971.087668926019
"1213","05","2","16",1013.88777764964
"1214","06","2","16",150.505100865841
"1215","08","2","16",686.991152378428
"1216","09","2","16",869.759837751682
"1217","10","2","16",1082.24428247067
"1218","11","2","16",1082.16546186037
"1219","12","2","16",1105.58894036168
"1220","13","2","16",227.104549038617
"1221","15","2","16",692.202986804775
"1222","16","2","16",864.790434683275
"1223","17","2","16",1018.48289706388
"1224","18","2","16",1044.39840291572
"1225","19","2","16",1097.76366614583
"1226","20","2","16",194.250375555557
"1227","22","2","16",686.29490577669
"1228","23","2","16",933.07515486533
"1229","24","2","16",1002.99324817308
"1230","25","2","16",1116.61538785012
"1231","26","2","16",1164.28922247769
"1232","27","2","16",364.670704038976
"1233","29","2","16",1064.83187114459
"1234","01","3","16",695.85072442653
"1235","02","3","16",832.861610752104
"1236","03","3","16",954.988465037143
"1237","04","3","16",1046.29327444273
"1238","05","3","16",147.691260833658
"1239","07","3","16",701.611966693969
"1240","08","3","16",925.541706115031
"1241","09","3","16",1048.93948287268
"1242","10","3","16",1159.7744056897
"1243","11","3","16",1157.37106737708
"1244","12","3","16",239.392423545697
"1245","14","3","16",756.630944699414
"1246","15","3","16",930.753540541378
"1247","16","3","16",1043.97007980427
"1248","17","3","16",1096.01302028291
"1249","18","3","16",1119.60400843243
"1250","19","3","16",231.56714932984
"1251","22","3","16",924.845459513293
"1252","23","3","16",1112.25479998633
"1253","26","3","16",298.092705661705
"1254","28","3","16",977.929151420274
"1255","29","3","16",1303.38242488119
"1256","30","3","16",1589.39007959265
"1257","31","3","16",1352.93335451302
"1258","01","4","16",908.053155443814
"1259","02","4","16",0
"1260","04","4","16",627.646910976384
"1261","05","4","16",833.791967919906
"1262","06","4","16",1015.78545307309
"1263","07","4","16",1077.15934593115
"1264","08","4","16",1137.74413713231
"1265","09","4","16",215.76575195298
"1266","11","4","16",738.72470391074
"1267","12","4","16",925.493130631944
"1268","13","4","16",1092.38490124586
"1269","14","4","16",1132.17832393659
"1270","15","4","16",1142.95597155866
"1271","16","4","16",210.796348884573
"1272","18","4","16",700.957644966085
"1273","19","4","16",917.667856416088
"1274","20","4","16",1059.5307277628
"1275","21","4","16",1097.26808799767
"1276","22","4","16",1137.04789053058
"1277","23","4","16",279.081069066628
"1278","25","4","16",773.174629900483
"1279","26","4","16",984.193412747952
"1280","27","4","16",1229.95105624622
"1281","28","4","16",1353.47653065745
"1282","29","4","16",1515.58485589848
"1283","30","4","16",756.216348672947
"1284","02","5","16",496.088419123407
"1285","03","5","16",779.23570392602
"1286","04","5","16",974.514552935893
"1287","05","5","16",1019.63917936184
"1288","06","5","16",1097.65862491073
"1289","07","5","16",215.305877733779
"1290","10","5","16",984.021644578579
"1291","11","5","16",1085.59234587025
"1292","12","5","16",1111.34034207388
"1293","13","5","16",1174.25807308351
"1294","14","5","16",270.324855739224
"1295","16","5","16",707.196888175575
"1296","17","5","16",920.26025917179
"1297","18","5","16",1047.82528692559
"1298","19","5","16",1103.51506785802
"1299","20","5","16",1141.40389960045
"1300","21","5","16",235.414619800296
"1301","23","5","16",775.48160835763
"1302","24","5","16",904.770610280981
"1303","25","5","16",1120.04227185999
"1304","26","5","16",1170.04062418989
"1305","27","5","16",1311.82422808387
"1306","28","5","16",491.623062460083
"1307","31","5","16",1177.1805934019
"1308","01","6","16",837.161449099786
"1309","02","6","16",872.522813523391
"1310","03","6","16",992.325150106108
"1311","04","6","16",142.227837178998
"1312","07","6","16",902.29359998283
"1313","08","6","16",1066.85243078829
"1314","09","6","16",1088.60068564397
"1315","10","6","16",1197.11109075867
"1316","11","6","16",253.305630113353
"1317","13","6","16",756.498724779969
"1318","14","6","16",957.312577988275
"1319","15","6","16",1072.06426521463
"1320","16","6","16",1083.63128257556
"1321","17","6","16",1133.34970535188
"1322","18","6","16",215.538571168699
"1323","20","6","16",723.644551296909
"1324","21","6","16",922.402342049348
"1325","22","6","16",1066.15618418655
"1326","23","6","16",1151.91600275761
"1327","24","6","16",1117.86005646107
"1328","25","6","16",287.755556103096
"1329","27","6","16",894.064879780328
"1330","28","6","16",1178.61078470914
"1331","29","6","16",1444.69314955445
"1332","30","6","16",1629.05128236393
"1333","01","7","16",921.906699690935
"1334","02","7","16",13.5414240795252
"1335","05","7","16",847.645512167026
"1336","06","7","16",1029.63899732021
"1337","07","7","16",1091.01289017827
"1338","08","7","16",1151.59768137944
"1339","09","7","16",229.6192962001
"1340","11","7","16",752.57824815786
"1341","12","7","16",939.346674879065
"1342","13","7","16",1106.23844549298
"1343","14","7","16",1146.03186818371
"1344","15","7","16",1156.80951580578
"1345","16","7","16",224.649893131693
"1346","18","7","16",714.811189213205
"1347","19","7","16",931.521400663208
"1348","21","7","16",1111.12163224479
"1349","22","7","16",1150.9014347777
"1350","23","7","16",292.934613313748
"1351","25","7","16",787.028174147603
"1352","26","7","16",998.046956995073
"1353","27","7","16",1243.80460049334
"1354","28","7","16",1367.33007490457
"1355","29","7","16",1529.4384001456
"1356","30","7","16",770.069892920068
"1357","01","8","16",516.493866004605
"1358","02","8","16",712.875660945784
"1359","03","8","16",936.652037132792
"1360","04","8","16",1030.2813642407
"1361","05","8","16",1073.08147296432
"1362","06","8","16",209.698796180519
"1363","08","8","16",746.184847693105
"1364","09","8","16",928.95353306636
"1365","10","8","16",1141.43797778535
"1366","11","8","16",1141.35915717505
"1367","12","8","16",1164.78263567636
"1368","13","8","16",286.298244353294
"1369","16","8","16",923.984129997952
"1370","17","8","16",1077.67659237856
"1371","18","8","16",1103.5920982304
"1372","19","8","16",1156.9573614605
"1373","20","8","16",253.444070870234
"1374","22","8","16",745.488601091368
"1375","23","8","16",992.268850180007
"1376","24","8","16",1062.18694348775
"1377","25","8","16",1175.80908316479
"1378","26","8","16",1223.48291779237
"1379","27","8","16",423.864399353653
"1380","29","8","16",1124.02556645927
"1381","30","8","16",1469.40412978633
"1382","31","8","16",1334.59692660867
"1383","01","9","16",891.197008199483
"1384","02","9","16",924.233854920766
"1385","03","9","16",102.63406917079
"1386","05","9","16",653.590872455678
"1387","06","9","16",894.955266224464
"1388","07","9","16",1057.9786809845
"1389","08","9","16",1120.88798988798
"1390","09","9","16",1140.31172704134
"1391","10","9","16",307.420009823349
"1392","12","9","16",745.292035167717
"1393","13","9","16",971.55471439724
"1394","14","9","16",1112.99765898994
"1395","15","9","16",1126.09982431433
"1396","16","9","16",1135.34232397293
"1397","17","9","16",243.65862441656
"1398","19","9","16",737.46676095186
"1399","20","9","16",938.70054091418
"1400","21","9","16",1078.08742305101
"1401","22","9","16",1120.19174328625
"1402","23","9","16",1203.62704415499
"1403","24","9","16",228.168975525751
"1404","26","9","16",803.992317283725
"1405","27","9","16",1109.1208693976
"1406","28","9","16",1334.2958657108
"1407","29","9","16",1498.72870865414
"1408","30","9","16",1680.76232376131
"1409","01","10","16",13.550024565573
"1410","03","10","16",583.241093025253
"1411","04","10","16",837.890850650732
"1412","05","10","16",984.664998978648
"1413","06","10","16",1065.00896222986
"1414","07","10","16",1124.0583373856
"1415","08","10","16",243.241006254073
"1416","10","10","16",788.027033677813
"1417","11","10","16",948.968643585087
"1418","12","10","16",1076.36616169069
"1419","13","10","16",1141.60841040264
"1420","14","10","16",1179.07731539105
"1421","15","10","16",248.452840680421
"1422","18","10","16",911.201584640433
"1423","19","10","16",1068.54088747483
"1424","20","10","16",1108.75423691958
"1425","21","10","16",1144.16707945212
"1426","22","10","16",242.544759652336
"1427","24","10","16",708.775999380214
"1428","25","10","16",983.41856957483
"1429","26","10","16",1135.06644380669
"1430","27","10","16",1279.17456540299
"1431","28","10","16",1400.37552211191
"1432","29","10","16",621.081725020234
"1433","31","10","16",981.185982501129
"1434","01","11","16",730.254597115993
"1435","02","11","16",867.265483441566
"1436","03","11","16",989.392337726605
"1437","04","11","16",1080.69714713219
"1438","05","11","16",182.095133523121
"1439","08","11","16",959.945578804493
"1440","09","11","16",1083.34335556214
"1441","10","11","16",1194.17827837916
"1442","11","11","16",1191.77494006654
"1443","12","11","16",273.796296235159
"1444","15","11","16",965.157413230841
"1445","16","11","16",1078.37395249373
"1446","17","11","16",1130.41689297237
"1447","18","11","16",1154.00788112189
"1448","19","11","16",265.971022019303
"1449","21","11","16",756.124581449949
"1450","22","11","16",959.249332202756
"1451","23","11","16",1146.65867267579
"1452","24","11","16",1114.92724408157
"1453","25","11","16",1226.22486605629
"1454","26","11","16",332.496578351167
"1455","28","11","16",1012.33302410974
"1456","29","11","16",1337.78629757065
"1457","30","11","16",1623.79395228211
"1458","01","12","16",1257.95999576306
"1459","02","12","16",1290.99684248434
"1460","03","12","16",469.397056734367
"1461","05","12","16",1020.35386001926
"1462","06","12","16",1261.71825378804
"1463","07","12","16",1424.74166854807
"1464","09","12","16",1507.07471460492
"1465","10","12","16",674.182997386927
"1466","12","12","16",1112.05502273129
"1467","13","12","16",1338.31770196082
"1468","14","12","16",1479.76064655352
"1469","15","12","16",1492.86281187791
"1470","16","12","16",1502.10531153651
"1471","17","12","16",610.421611980137
"1472","19","12","16",1104.22974851544
"1473","20","12","16",1305.46352847776
"1474","21","12","16",1444.85041061459
"1475","22","12","16",1486.95473084982
"1476","23","12","16",1570.39003171857
"1477","24","12","16",594.931963089328
"1478","26","12","16",1170.7553048473
"1479","27","12","16",1475.88385696118
"1480","28","12","16",1701.05885327438
"1481","29","12","16",1865.49169621772
"1482","30","12","16",2047.52531132489
"1483","31","12","16",867.341946210244
"1485","02","1","17",284.176098344036
"1486","03","1","17",567.323383146649
"1487","04","1","17",762.602232156522
"1488","05","1","17",807.72685858247
"1489","06","1","17",885.74630413136
"1490","07","1","17",3.39355695440781
"1493","10","1","17",772.109323799208
"1494","11","1","17",873.680025090878
"1495","12","1","17",899.428021294508
"1496","13","1","17",962.345752304135
"1497","14","1","17",58.4125349598528
"1499","16","1","17",495.284567396204
"1500","17","1","17",708.347938392419
"1501","18","1","17",835.912966146223
"1502","19","1","17",891.602747078652
"1503","20","1","17",929.491578821076
"1504","21","1","17",23.5022990209257
"1506","23","1","17",563.569287578259
"1507","24","1","17",692.85828950161
"1508","25","1","17",908.129951080621
"1509","26","1","17",958.128303410516
"1510","27","1","17",1099.91190730449
"1511","28","1","17",279.710741680713
"1513","30","1","17",1040.70456718458
"1514","31","1","17",965.268272622526
"1515","01","2","17",768.713478692333
"1516","02","2","17",804.074843115939
"1517","03","2","17",923.877179698656
"1518","04","2","17",73.7798667715456
"1520","06","2","17",611.451306199741
"1521","07","2","17",833.845629575378
"1522","08","2","17",998.404460380834
"1523","09","2","17",1020.15271523651
"1524","10","2","17",1128.66312035122
"1525","11","2","17",184.857659705901
"1527","13","2","17",688.050754372516
"1528","14","2","17",888.864607580823
"1529","15","2","17",1003.61629480718
"1530","16","2","17",1015.18331216811
"1531","17","2","17",1064.90173494443
"1532","18","2","17",147.090600761246
"1534","20","2","17",655.196580889457
"1535","21","2","17",853.954371641896
"1536","22","2","17",997.708213779097
"1537","23","2","17",1083.46803235016
"1538","24","2","17",1049.41208605362
"1539","25","2","17",219.307585695644
"1541","27","2","17",825.616909372875
"1542","28","2","17",1110.16281430168
"1543","01","3","17",807.582350968591
"1544","02","3","17",842.943715392196
"1545","03","3","17",962.746051974913
"1546","04","3","17",112.648739047803
"1548","06","3","17",650.320178475998
"1549","07","3","17",872.714501851635
"1550","08","3","17",1037.27333265709
"1551","09","3","17",1059.02158751277
"1552","10","3","17",1167.53199262747
"1553","11","3","17",223.726531982158
"1555","13","3","17",726.919626648774
"1556","14","3","17",927.73347985708
"1557","15","3","17",1042.48516708344
"1558","16","3","17",1054.05218444436
"1559","17","3","17",1103.77060722068
"1560","18","3","17",185.959473037504
"1563","21","3","17",892.823243918153
"1564","22","3","17",1036.57708605535
"1565","23","3","17",1122.33690462642
"1566","24","3","17",1088.28095832987
"1567","25","3","17",258.176457971902
"1569","27","3","17",864.485781649133
"1570","28","3","17",1149.03168657794
"1571","29","3","17",1415.11405142325
"1572","30","3","17",1599.47218423274
"1573","31","3","17",1360.69094145079
"1574","01","4","17",0
"1576","03","4","17",544.099688508571
"1577","04","4","17",798.74944613405
"1578","05","4","17",945.523594461967
"1579","06","4","17",1025.86755771318
"1580","07","4","17",1084.91693286892
"1581","08","4","17",204.099601737392
"1583","10","4","17",748.885629161131
"1584","11","4","17",909.827239068406
"1585","12","4","17",1037.22475717401
"1588","15","4","17",209.311436163739
"1590","17","4","17",685.124243754342
"1591","18","4","17",872.060180123751
"1592","19","4","17",1029.39948295815
"1593","20","4","17",1069.61283240289
"1594","21","4","17",1105.02567493544
"1595","22","4","17",203.403355135655
"1597","24","4","17",669.634594863532
"1598","25","4","17",944.277165058149
"1599","26","4","17",1095.92503929001
"1600","27","4","17",1240.03316088631
"1601","28","4","17",1361.23411759522
"1602","29","4","17",581.940320503552
"1605","02","5","17",667.190954281074
"1606","03","5","17",890.96733046808
"1607","04","5","17",984.596657575985
"1608","05","5","17",1027.39676629961
"1609","06","5","17",164.014089515808
"1611","08","5","17",700.500141028394
"1612","09","5","17",883.268826401649
"1613","10","5","17",1095.75327112064
"1614","11","5","17",1095.67445051034
"1615","12","5","17",1119.09792901165
"1616","13","5","17",240.613537688583
"1618","15","5","17",705.711975454742
"1619","16","5","17",878.299423333241
"1620","17","5","17",1031.99188571385
"1621","18","5","17",1057.90739156569
"1622","19","5","17",1111.27265479579
"1623","20","5","17",207.759364205524
"1625","22","5","17",699.803894426657
"1626","23","5","17",946.584143515297
"1627","24","5","17",1016.50223682304
"1628","25","5","17",1130.12437650008
"1629","26","5","17",1177.79821112766
"1630","27","5","17",378.179692688942
"1633","30","5","17",1423.71942312162
"1634","31","5","17",1288.91221994396
"1635","01","6","17",847.243553739878
"1636","02","6","17",880.280400461162
"1637","03","6","17",58.6806147111853
"1639","05","6","17",609.637417996074
"1640","06","6","17",851.00181176486
"1641","07","6","17",1014.02522652489
"1642","08","6","17",1076.93453542838
"1643","09","6","17",1096.35827258174
"1644","10","6","17",263.466555363745
"1646","12","6","17",701.338580708112
"1647","13","6","17",927.601259937635
"1648","14","6","17",1069.04420453034
"1649","15","6","17",1082.14636985473
"1650","16","6","17",1091.38886951333
"1651","17","6","17",199.705169956955
"1654","20","6","17",894.747086454575
"1655","21","6","17",1034.13396859141
"1656","22","6","17",1076.23828882664
"1657","23","6","17",1159.67358969538
"1658","24","6","17",184.215521066146
"1661","27","6","17",1065.16741493799
"1662","28","6","17",1290.3424112512
"1663","29","6","17",1454.77525419454
"1664","30","6","17",1636.8088693017
"1665","01","7","17",0
"1668","04","7","17",812.602990381171
"1669","05","7","17",959.377138709087
"1670","06","7","17",1039.7211019603
"1671","07","7","17",1098.77047711604
"1672","08","7","17",217.953145984513
"1674","10","7","17",762.739173408252
"1675","11","7","17",923.680783315526
"1676","12","7","17",1051.07830142113
"1677","13","7","17",1116.32055013307
"1678","14","7","17",1153.78945512148
"1679","15","7","17",223.16498041086
"1681","17","7","17",698.977788001462
"1682","18","7","17",885.913724370872
"1683","19","7","17",1043.25302720527
"1685","21","7","17",1118.87921918256
"1686","22","7","17",217.256899382775
"1688","24","7","17",683.488139110653
"1689","25","7","17",958.13070930527
"1690","26","7","17",1109.77858353713
"1691","27","7","17",1253.88670513343
"1692","28","7","17",1375.08766184234
"1693","29","7","17",595.793864750673
"1695","31","7","17",955.898122231569
"1696","01","8","17",687.596401162271
"1697","02","8","17",824.607287487845
"1698","03","8","17",946.734141772884
"1699","04","8","17",1038.03895117847
"1700","05","8","17",139.436937569399
"1703","08","8","17",917.287382850772
"1704","09","8","17",1040.68515960842
"1705","10","8","17",1151.52008242544
"1706","11","8","17",1149.11674411282
"1707","12","8","17",231.138100281438
"1709","14","8","17",748.376621435155
"1710","15","8","17",922.499217277119
"1711","16","8","17",1035.71575654001
"1712","17","8","17",1087.75869701865
"1713","18","8","17",1111.34968516817
"1714","19","8","17",223.312826065581
"1717","22","8","17",916.591136249034
"1718","23","8","17",1104.00047672207
"1719","24","8","17",1072.26904812784
"1720","25","8","17",1183.56667010257
"1721","26","8","17",289.838382397446
"1723","28","8","17",969.674828156015
"1724","29","8","17",1295.12810161693
"1725","30","8","17",1581.13575632839
"1726","31","8","17",1344.67903124876
"1727","01","9","17",898.954595137253
"1728","02","9","17",0
"1730","04","9","17",618.548350669823
"1731","05","9","17",824.693407613345
"1732","06","9","17",1006.68689276653
"1733","07","9","17",1068.06078562459
"1734","08","9","17",1128.64557682575
"1735","09","9","17",206.667191646419
"1737","11","9","17",729.626143604178
"1738","12","9","17",916.394570325383
"1739","13","9","17",1083.2863409393
"1740","14","9","17",1123.07976363003
"1741","15","9","17",1133.8574112521
"1742","16","9","17",201.697788578011
"1744","18","9","17",691.859084659524
"1745","19","9","17",908.569296109527
"1746","20","9","17",1050.43216745624
"1747","21","9","17",1088.16952769111
"1748","22","9","17",1127.94933022402
"1749","23","9","17",269.982508760067
"1751","25","9","17",764.076069593921
"1752","26","9","17",975.094852441391
"1753","27","9","17",1220.85249593966
"1754","28","9","17",1344.37797035089
"1755","29","9","17",1506.48629559191
"1756","30","9","17",747.117788366386
"1758","02","10","17",471.196343380307
"1759","03","10","17",754.343628182919
"1760","04","10","17",949.622477192793
"1761","05","10","17",994.74710361874
"1762","06","10","17",1072.76654916763
"1763","07","10","17",190.413801990678
"1765","09","10","17",687.274215500882
"1766","10","10","17",959.129568835479
"1767","11","10","17",1060.70027012715
"1768","12","10","17",1086.44826633078
"1769","13","10","17",1149.36599734041
"1770","14","10","17",245.432779996123
"1773","17","10","17",895.368183428689
"1774","18","10","17",1022.93321118249
"1775","19","10","17",1078.62299211492
"1776","20","10","17",1116.51182385735
"1777","21","10","17",210.522544057196
"1779","23","10","17",750.58953261453
"1780","24","10","17",879.87853453788
"1781","25","10","17",1095.15019611689
"1782","26","10","17",1145.14854844679
"1783","27","10","17",1286.93215234076
"1784","28","10","17",466.730986716983
"1786","30","10","17",1227.72481222085
"1787","31","10","17",1152.2885176588
"1788","01","11","17",841.986223658053
"1789","02","11","17",877.347588081659
"1790","03","11","17",997.149924664376
"1791","04","11","17",147.052611737265
"1794","07","11","17",907.118374541098
"1795","08","11","17",1071.67720534655
"1796","09","11","17",1093.42546020223
"1797","10","11","17",1201.93586531694
"1798","11","11","17",258.130404671621
"1801","14","11","17",962.137352546543
"1802","15","11","17",1076.8890397729
"1803","16","11","17",1088.45605713383
"1804","17","11","17",1138.17447991015
"1805","18","11","17",220.363345726966
"1807","20","11","17",728.469325855176
"1808","21","11","17",927.227116607616
"1809","22","11","17",1070.98095874482
"1810","23","11","17",1156.74077731588
"1811","24","11","17",1122.68483101934
"1812","25","11","17",292.580330661364
"1814","27","11","17",898.889654338595
"1815","28","11","17",1183.4355592674
"1816","29","11","17",1449.51792411271
"1817","30","11","17",1633.8760569222
"1818","01","12","17",1265.71758270083
"1819","02","12","17",357.352307089421
"1821","04","12","17",985.3113382334
"1822","05","12","17",1191.45639517692
"1823","06","12","17",1373.4498803301
"1824","07","12","17",1434.82377318817
"1826","09","12","17",573.430179209996
"1828","11","12","17",1096.38913116776
"1829","12","12","17",1283.15755788896
"1830","13","12","17",1450.04932850288
"1831","14","12","17",1489.84275119361
"1832","15","12","17",1500.62039881568
"1833","16","12","17",568.460776141589
"1835","18","12","17",1058.6220722231
"1836","19","12","17",1275.3322836731
"1837","20","12","17",1417.19515501982
"1838","21","12","17",1454.93251525468
"1839","22","12","17",1494.71231778759
"1840","23","12","17",636.745496323644
"1843","26","12","17",1341.85784000497
"1844","27","12","17",1587.61548350324
"1845","28","12","17",1711.14095791447
"1846","29","12","17",1873.24928315549
"1847","30","12","17",1113.88077592996
"1484","01","1","17",0
"1491","08","1","17",0
"1492","09","1","17",0
"1498","15","1","17",0
"1505","22","1","17",0
"1512","29","1","17",0
"1519","05","2","17",0
"1526","12","2","17",0
"1533","19","2","17",0
"1540","26","2","17",0
"1547","05","3","17",0
"1554","12","3","17",0
"1561","19","3","17",0
"1562","20","3","17",0
"1568","26","3","17",0
"1575","02","4","17",0
"1582","09","4","17",0
"1586","13","4","17",0
"1587","14","4","17",0
"1589","16","4","17",0
"1596","23","4","17",0
"1603","30","4","17",0
"1604","01","5","17",0
"1610","07","5","17",0
"1617","14","5","17",0
"1624","21","5","17",0
"1631","28","5","17",0
"1632","29","5","17",0
"1638","04","6","17",0
"1645","11","6","17",0
"1652","18","6","17",0
"1653","19","6","17",0
"1659","25","6","17",0
"1660","26","6","17",0
"1666","02","7","17",0
"1667","03","7","17",0
"1673","09","7","17",0
"1680","16","7","17",0
"1684","20","7","17",0
"1687","23","7","17",0
"1694","30","7","17",0
"1701","06","8","17",0
"1702","07","8","17",0
"1708","13","8","17",0
"1715","20","8","17",0
"1716","21","8","17",0
"1722","27","8","17",0
"1729","03","9","17",0
"1736","10","9","17",0
"1743","17","9","17",0
"1750","24","9","17",0
"1757","01","10","17",0
"1764","08","10","17",0
"1771","15","10","17",0
"1772","16","10","17",0
"1778","22","10","17",0
"1785","29","10","17",0
"1792","05","11","17",0
"1793","06","11","17",0
"1799","12","11","17",0
"1800","13","11","17",0
"1806","19","11","17",0
"1813","26","11","17",0
"1820","03","12","17",0
"1825","08","12","17",0
"1827","10","12","17",0
"1834","17","12","17",0
"1841","24","12","17",0
"1842","25","12","17",0
"1848","31","12","17",0
